Month,Payment,Interest,Principal,Balance
1,456.33,75.00,381.33,14618.67
2,456.33,73.09,383.24,14235.44
3,456.33,71.18,385.15,13850.28
4,456.33,69.25,387.08,13463.21
5,456.33,67.32,389.01,13074.19
6,456.33,65.37,390.96,12683.23
7,456.33,63.42,392.91,12290.32
8,456.33,61.45,394.88,11895.44
9,456.33,59.48,396.85,11498.59
10,456.33,57.49,398.84,11099.76
11,456.33,55.50,400.83,10698.93
12,456.33,53.49,402.83,10296.09
13,456.33,51.48,404.85,9891.24
14,456.33,49.46,406.87,9484.37
15,456.33,47.42,408.91,9075.46
16,456.33,45.38,410.95,8664.51
17,456.33,43.32,413.01,8251.50
18,456.33,41.26,415.07,7836.43
19,456.33,39.18,417.15,7419.29
20,456.33,37.10,419.23,7000.05
21,456.33,35.00,421.33,6578.72
22,456.33,32.89,423.44,6155.29
23,456.33,30.78,425.55,5729.74
24,456.33,28.65,427.68,5302.06
25,456.33,26.51,429.82,4872.24
26,456.33,24.36,431.97,4440.27
27,456.33,22.20,434.13,4006.14
28,456.33,20.03,436.30,3569.84
29,456.33,17.85,438.48,3131.36
30,456.33,15.66,440.67,2690.69
31,456.33,13.45,442.88,2247.82
32,456.33,11.24,445.09,1802.73
33,456.33,9.01,447.32,1355.41
34,456.33,6.78,449.55,905.86
35,456.33,4.53,451.80,454.06
36,456.33,2.27,454.06,0.00
